id,name,address,state,zip,phoneNumber,key
1,Organization 1,1000 N Washington Dr,OH,43201,(614) 100-3939,1000 N Washington Dr
2,Organization 2,1001 S Adams Sq,KY,40601,(502) 149-6259,1001 S Adams Sq
3,Organization 3,1002 E Jefferson Ct,MS,39201,(601) 649-2891,1002 E Jefferson Ct
4,Organization 4,1003 W Madison St,IN,46201,(317) 701-1989,1003 W Madison St
5,Organization 5,1004 NS Monroe Rd,AR,72201,(501) 742-4690,1004 NS Monroe Rd
6,Organization 6,1005 NE Adams Ave,NE,68501,(402) 359-9581,1005 NE Adams Ave
7,Organization 7,1006 NW Jackson Blvd,TX,73301,(512) 577-3581,1006 NW Jackson Blvd
8,Organization 8,1007 SE Van Buren Wy,VT,05601,(802) 153-6314,1007 SE Van Buren Wy
9,Organization 9,1008 SW Harrison Ln,NY,12201,(518) 537-3532,1008 SW Harrison Ln
10,Organization 10,1009 EW Tyler Cir,NC,27601,(919) 136-2413,1009 EW Tyler Cir
11,Organization 11,1010 N Polk Pk,AZ,85001,(602) 617-6972,1010 N Polk Pk
12,Organization 12,1011 S Taylor Pkwy,WI,53562,(608) 664-5260,1011 S Taylor Pkwy
13,Organization 13,1012 E Fillmore Dr,MI,48901,(517) 765-3316,1012 E Fillmore Dr
14,Organization 14,1013 W Pierce Sq,MT,59601,(406) 228-8680,1013 W Pierce Sq
15,Organization 15,1014 NS Buchanan Ct,DE,19901,(302) 378-2459,1014 NS Buchanan Ct
16,Organization 16,1015 NE Lincoln St,TX,73301,(512) 309-7642,1015 NE Lincoln St
17,Organization 17,1016 NW Johnson Rd,DE,19901,(302) 185-5038,1016 NW Johnson Rd
18,Organization 18,1017 SE Grant Ave,VA,23173,(604) 567-9693,1017 SE Grant Ave
19,Organization 19,1018 SW Hayes Blvd,WV,25301,(843) 369-2514,1018 SW Hayes Blvd
20,Organization 20,1019 EW Garfield Wy,FL,32301,(850) 426-2212,1019 EW Garfield Wy
21,Organization 21,1020 N Arthur Ln,CA,94203,(916) 340-7753,1020 N Arthur Ln
22,Organization 22,1021 S Cleveland Cir,NJ,08601,(609) 285-4841,1021 S Cleveland Cir
23,Organization 23,1022 E Harrison Pk,OK,73101,(405) 542-1459,1022 E Harrison Pk
24,Organization 24,1023 W Cleveland Pkwy,AK,99801,(907) 552-8087,1023 W Cleveland Pkwy
25,Organization 25,1024 NS McKinley Dr,NM,87501,(505) 180-2153,1024 NS McKinley Dr
26,Organization 26,1025 NE T. Roosevelt Sq,UT,84101,(385) 673-3050,1025 NE T. Roosevelt Sq
27,Organization 27,1026 NW Taft Ct,MD,21401,(410) 607-8612,1026 NW Taft Ct
28,Organization 28,1027 SE Wilson St,GA,30301,(404) 263-6026,1027 SE Wilson St
29,Organization 29,1028 SW Harding Rd,CT,06101,(860) 388-9823,1028 SW Harding Rd
30,Organization 30,1029 EW Coolidge Ave,NE,68501,(402) 589-6841,1029 EW Coolidge Ave
31,Organization 31,1030 N Hoover Blvd,ID,83701,(208) 783-8902,1030 N Hoover Blvd
32,Organization 32,1031 S F. Roosevelt Wy,MO,65101,(573) 187-6038,1031 S F. Roosevelt Wy
33,Organization 33,1032 E Truman Ln,PA,17101,(717) 443-2728,1032 E Truman Ln
34,Organization 34,1033 W Eisenhower Cir,MS,39201,(601) 605-3977,1033 W Eisenhower Cir
35,Organization 35,1034 NS Kennedy Pk,MI,48901,(517) 186-6449,1034 NS Kennedy Pk
36,Organization 36,1035 NE Johnson Pkwy,MI,48901,(517) 109-9194,1035 NE Johnson Pkwy
37,Organization 37,1036 NW Nixon Dr,LA,70801,(225) 335-4175,1036 NW Nixon Dr
38,Organization 38,1037 SE Ford Sq,ND,58501,(701) 441-1676,1037 SE Ford Sq
39,Organization 39,1038 SW Carter Ct,VT,05601,(802) 182-2778,1038 SW Carter Ct
40,Organization 40,1039 EW Reagan St,NY,12201,(518) 669-9940,1039 EW Reagan St
41,Organization 41,1040 N H.W. Bush Rd,KS,66601,(785) 589-9055,1040 N H.W. Bush Rd
42,Organization 42,1041 S Clinton Ave,IN,46201,(317) 117-4460,1041 S Clinton Ave
43,Organization 43,1042 E W. Bush Blvd,OK,73101,(405) 532-7682,1042 E W. Bush Blvd
44,Organization 44,1043 W Obama Wy,WI,53562,(608) 653-6611,1043 W Obama Wy
45,Organization 45,1044 NS Washington Ln,AZ,85001,(602) 610-4554,1044 NS Washington Ln
46,Organization 46,1045 NE Adams Cir,CT,06101,(860) 396-7055,1045 NE Adams Cir
47,Organization 47,1046 NW Jefferson Pk,WA,98501,(360) 173-5380,1046 NW Jefferson Pk
48,Organization 48,1047 SE Madison Pkwy,IN,46201,(317) 731-3337,1047 SE Madison Pkwy
49,Organization 49,1048 SW Monroe Dr,CT,06101,(860) 518-4167,1048 SW Monroe Dr
50,Organization 50,1049 EW Adams Sq,WA,98501,(360) 781-6595,1049 EW Adams Sq
51,Organization 51,1050 N Jackson Ct,TN,37201,(615) 569-3290,1050 N Jackson Ct
52,Organization 52,1051 S Van Buren St,UT,84101,(385) 653-4110,1051 S Van Buren St
53,Organization 53,1052 E Harrison Rd,PA,17101,(717) 153-2995,1052 E Harrison Rd
54,Organization 54,1053 W Tyler Ave,LA,70801,(225) 775-6465,1053 W Tyler Ave
55,Organization 55,1054 NS Polk Blvd,KS,66601,(785) 657-9820,1054 NS Polk Blvd
56,Organization 56,1055 NE Taylor Wy,SD,57501,(605) 226-8824,1055 NE Taylor Wy
57,Organization 57,1056 NW Fillmore Ln,RI,02901,(401) 551-3807,1056 NW Fillmore Ln
58,Organization 58,1057 SE Pierce Cir,WA,98501,(360) 770-2319,1057 SE Pierce Cir
59,Organization 59,1058 SW Buchanan Pk,MD,21401,(410) 357-1247,1058 SW Buchanan Pk
60,Organization 60,1059 EW Lincoln Pkwy,NE,68501,(402) 464-5551,1059 EW Lincoln Pkwy
61,Organization 61,1060 N Johnson Dr,VA,23173,(604) 290-9153,1060 N Johnson Dr
62,Organization 62,1061 S Grant Sq,NV,89701,(775) 519-5053,1061 S Grant Sq
63,Organization 63,1062 E Hayes Ct,MS,39201,(601) 440-6950,1062 E Hayes Ct
64,Organization 64,1063 W Garfield St,OK,73101,(405) 673-8820,1063 W Garfield St
65,Organization 65,1064 NS Arthur Rd,ID,83701,(208) 775-8570,1064 NS Arthur Rd
66,Organization 66,1065 NE Cleveland Ave,SD,57501,(605) 189-7177,1065 NE Cleveland Ave
67,Organization 67,1066 NW Harrison Blvd,MA,02108,(617) 541-1912,1066 NW Harrison Blvd
68,Organization 68,1067 SE Cleveland Wy,NV,89701,(775) 775-3898,1067 SE Cleveland Wy
69,Organization 69,1068 SW McKinley Ln,WY,82001,(307) 186-3635,1068 SW McKinley Ln
70,Organization 70,1069 EW T. Roosevelt Cir,SD,57501,(605) 515-1302,1069 EW T. Roosevelt Cir
71,Organization 71,1070 N Taft Pk,MI,48901,(517) 544-8189,1070 N Taft Pk
72,Organization 72,1071 S Wilson Pkwy,MT,59601,(406) 122-8877,1071 S Wilson Pkwy
73,Organization 73,1072 E Harding Dr,DC,20001,(202) 131-5789,1072 E Harding Dr
74,Organization 74,1073 W Coolidge Sq,NC,27601,(919) 448-6047,1073 W Coolidge Sq
75,Organization 75,1074 NS Hoover Ct,RI,02901,(401) 242-6662,1074 NS Hoover Ct
76,Organization 76,1075 NE F. Roosevelt St,PA,17101,(717) 304-7142,1075 NE F. Roosevelt St
77,Organization 77,1076 NW Truman Rd,VT,05601,(802) 509-4364,1076 NW Truman Rd
78,Organization 78,1077 SE Eisenhower Ave,CO,80012,(303) 529-1218,1077 SE Eisenhower Ave
79,Organization 79,1078 SW Kennedy Blvd,DE,19901,(302) 555-5936,1078 SW Kennedy Blvd
80,Organization 80,1079 EW Johnson Wy,NJ,08601,(609) 155-5672,1079 EW Johnson Wy
81,Organization 81,1080 N Nixon Ln,WI,53562,(608) 618-7950,1080 N Nixon Ln
82,Organization 82,1081 S Ford Cir,DE,19901,(302) 257-4911,1081 S Ford Cir
83,Organization 83,1082 E Carter Pk,NV,89701,(775) 636-9141,1082 E Carter Pk
84,Organization 84,1083 W Reagan Pkwy,PA,17101,(717) 215-5797,1083 W Reagan Pkwy
85,Organization 85,1084 NS H.W. Bush Dr,FL,32301,(850) 742-5534,1084 NS H.W. Bush Dr
86,Organization 86,1085 NE Clinton Sq,LA,70801,(225) 406-5928,1085 NE Clinton Sq
87,Organization 87,1086 NW W. Bush Ct,WV,25301,(843) 400-1695,1086 NW W. Bush Ct
88,Organization 88,1087 SE Obama St,MI,48901,(517) 474-3754,1087 SE Obama St
89,Organization 89,1088 SW Washington Rd,FL,32301,(850) 705-2768,1088 SW Washington Rd
90,Organization 90,1089 EW Adams Ave,UT,84101,(385) 748-6306,1089 EW Adams Ave
91,Organization 91,1090 N Jefferson Blvd,VT,05601,(802) 552-5690,1090 N Jefferson Blvd
92,Organization 92,1091 S Madison Wy,WY,82001,(307) 302-4978,1091 S Madison Wy
93,Organization 93,1092 E Monroe Ln,VA,23173,(604) 672-8016,1092 E Monroe Ln
94,Organization 94,1093 W Adams Cir,RI,02901,(401) 792-2521,1093 W Adams Cir
95,Organization 95,1094 NS Jackson Pk,MO,65101,(573) 688-3941,1094 NS Jackson Pk
96,Organization 96,1095 NE Van Buren Pkwy,DC,20001,(202) 663-8238,1095 NE Van Buren Pkwy
97,Organization 97,1096 NW Harrison Dr,FL,32301,(850) 320-6260,1096 NW Harrison Dr
98,Organization 98,1097 SE Tyler Sq,SC,29201,(803) 203-3714,1097 SE Tyler Sq
99,Organization 99,1098 SW Polk Ct,OR,97301,(503) 146-5860,1098 SW Polk Ct
100,Organization 100,1099 EW Taylor St,MO,65101,(573) 383-2649,1099 EW Taylor St
101,Organization 101,1100 N Fillmore Rd,WY,82001,(307) 469-4218,1100 N Fillmore Rd
102,Organization 102,1101 S Pierce Ave,GA,30301,(404) 657-8425,1101 S Pierce Ave
103,Organization 103,1102 E Buchanan Blvd,CA,94203,(916) 306-8301,1102 E Buchanan Blvd
104,Organization 104,1103 W Lincoln Wy,VA,23173,(604) 482-4737,1103 W Lincoln Wy
105,Organization 105,1104 NS Johnson Ln,NE,68501,(402) 450-3599,1104 NS Johnson Ln
106,Organization 106,1105 NE Grant Cir,OH,43201,(614) 633-2355,1105 NE Grant Cir
107,Organization 107,1106 NW Hayes Pk,SC,29201,(803) 699-7252,1106 NW Hayes Pk
108,Organization 108,1107 SE Garfield Pkwy,IA,50301,(515) 482-9441,1107 SE Garfield Pkwy
109,Organization 109,1108 SW Arthur Dr,CA,94203,(916) 359-2966,1108 SW Arthur Dr
110,Organization 110,1109 EW Cleveland Sq,KY,40601,(502) 319-2622,1109 EW Cleveland Sq
111,Organization 111,1110 N Harrison Ct,LA,70801,(225) 756-2286,1110 N Harrison Ct
112,Organization 112,1111 S Cleveland St,KY,40601,(502) 192-4916,1111 S Cleveland St
113,Organization 113,1112 E McKinley Rd,MD,21401,(410) 249-9433,1112 E McKinley Rd
114,Organization 114,1113 W T. Roosevelt Ave,CA,94203,(916) 757-4429,1113 W T. Roosevelt Ave
115,Organization 115,1114 NS Taft Blvd,WI,53562,(608) 647-8366,1114 NS Taft Blvd
116,Organization 116,1115 NE Wilson Wy,NC,27601,(919) 265-9741,1115 NE Wilson Wy
117,Organization 117,1116 NW Harding Ln,MN,55101,(651) 665-6726,1116 NW Harding Ln
118,Organization 118,1117 SE Coolidge Cir,AK,99801,(907) 199-2696,1117 SE Coolidge Cir
119,Organization 119,1118 SW Hoover Pk,AR,72201,(501) 220-9656,1118 SW Hoover Pk
120,Organization 120,1119 EW F. Roosevelt Pkwy,GA,30301,(404) 260-1042,1119 EW F. Roosevelt Pkwy
121,Organization 121,1120 N Truman Dr,NM,87501,(505) 215-4905,1120 N Truman Dr
122,Organization 122,1121 S Eisenhower Sq,UT,84101,(385) 417-9880,1121 S Eisenhower Sq
123,Organization 123,1122 E Kennedy Ct,KY,40601,(502) 192-8456,1122 E Kennedy Ct
124,Organization 124,1123 W Johnson St,VT,05601,(802) 553-2126,1123 W Johnson St
125,Organization 125,1124 NS Nixon Rd,AR,72201,(501) 398-6610,1124 NS Nixon Rd